=====BOX SCORE=====
,,1st,2nd,OT,Total
Washington State,Cougars,40,16,,56
Tennessee,Volunteers,37,23,,60
""
""
=====Washington State Players=====
Player,Minutes,Possessions,FGM,FGA,FG%,3PM,3PA,3P%,FTM,FTA,FT%,Points,Rebounds,Assists,Steals,Blocks,TOs,Fouls
Randy Russell,25,17,4,7,0.5714285714285714,1,2,0.5,2,2,1.0,13,2,1,2,0,2,2
Shirley Minnick,23,11,2,4,0.5,2,2,1.0,0,1,0.0,10,3,1,3,2,0,0
Jordon Thacker,10,10,1,2,0.5,1,2,0.5,0,0,0,5,3,2,2,1,0,1
Dalton Matthew,7,4,1,2,0.5,0,0,0,0,0,0,2,1,1,0,0,0,0
Alphonso Bloom,10,2,2,2,1.0,0,0,0,0,1,0.0,4,6,0,0,1,0,0
Bradley Lloyd,12,7,0,3,0.0,0,0,0,0,0,0,0,0,3,0,0,0,0
Eric Young,29,16,3,5,0.6,0,2,0.0,0,3,0.0,6,2,2,1,0,1,2
Joe Morgan,10,8,2,4,0.5,0,1,0.0,0,0,0,4,0,2,1,0,0,0
Ian Elmore,32,3,2,2,1.0,0,1,0.0,0,0,0,4,5,2,0,0,0,0
Raymond Tavares,11,0,0,0,0,0,0,0,0,0,0,0,2,1,0,0,0,0
Wallace Crawford,25,16,2,6,0.3333333333333333,1,4,0.25,1,2,0.5,8,10,1,1,3,0,0
Randall Wagner,3,0,0,0,0,0,0,0,0,0,0,0,0,0,0,0,0,0
Michael Friend,3,1,0,0,0,0,0,0,0,0,0,0,0,0,1,0,0,0
""
=====Tennessee Players=====
Player,Minutes,Possessions,FGM,FGA,FG%,3PM,3PA,3P%,FTM,FTA,FT%,Points,Rebounds,Assists,Steals,Blocks,TOs,Fouls
Terry Baker,39,20,0,2,0.0,4,8,0.5,0,0,0,12,5,6,2,0,6,3
Benjamin Price,31,14,1,2,0.5,2,9,0.2222222222222222,0,0,0,8,10,0,2,1,0,0
Refugio Dent,40,23,2,6,0.3333333333333333,5,9,0.5555555555555556,0,2,0.0,19,7,1,3,0,3,0
Harris Blount,34,13,2,4,0.5,1,5,0.2,0,0,0,7,2,2,1,2,1,0
Greg Neal,0,0,0,0,0,0,0,0,0,0,0,0,0,0,0,0,0,0
Fred Lewis,0,0,0,0,0,0,0,0,0,0,0,0,0,0,0,0,0,0
Phillip Rodriguez,0,0,0,0,0,0,0,0,0,0,0,0,0,0,0,0,0,0
Dion Whitlock,19,7,1,1,1.0,2,4,0.5,0,0,0,8,1,4,0,0,2,0
Warren Tran,32,4,0,1,0.0,1,1,1.0,0,0,0,3,8,4,0,2,1,0
Fred Corts,0,0,0,0,0,0,0,0,0,0,0,0,0,0,0,0,0,0
Robert Jeffery,5,1,0,0,0,1,1,1.0,0,0,0,3,1,0,0,1,0,0
Fernando Caballero,0,0,0,0,0,0,0,0,0,0,0,0,0,0,0,0,0,0
William Rudi,0,0,0,0,0,0,0,0,0,0,0,0,0,0,0,0,0,0
""
""
=====TEAM STATS=====
Stat,Washington State,Tennessee
Points,56,60
Possessions,74,75
FGM,19,6
FGA,37,16
FGPercent,0.5135135135135135,0.375
3PM,5,16
3PA,14,37
3P%,0.35714285714285715,0.43243243243243246
FTM,3,0
FTA,9,2
FT%,0.3333333333333333,0.0
Rebounds,34,34
OffRebounds,11,12
DefRebounds,23,22
Assists,16,17
Steals,11,0
Blocks,7,2
Total Turnovers,21,17
Largest Lead,11,6
