=====BOX SCORE=====
,,1st,2nd,OT,Total
Kentucky,Wildcats,35,20,,55
Wisconsin,Badgers,31,31,,62
""
""
=====Kentucky Players=====
Player,Minutes,Possessions,FGM,FGA,FG%,3PM,3PA,3P%,FTM,FTA,FT%,Points,Rebounds,Assists,Steals,Blocks,TOs,Fouls
Lawrence Bennett,5,2,0,1,0.0,0,0,0,0,0,0,0,0,1,0,0,0,0
Cyrus Rice,27,18,2,7,0.2857142857142857,2,3,0.6666666666666666,0,0,0,10,6,0,0,0,1,0
Harry Shaffer,27,23,8,13,0.6153846153846154,0,0,0,2,6,0.3333333333333333,18,7,0,1,2,1,1
Douglas Dupuis,5,1,1,1,1.0,0,0,0,0,0,0,2,2,0,0,0,0,0
Michael Stout,27,7,2,3,0.6666666666666666,0,2,0.0,0,0,0,4,1,3,0,1,0,0
Gerard Chaisson,13,3,1,2,0.5,0,0,0,0,0,0,2,0,0,0,0,0,0
Anthony Bestwick,3,1,0,0,0,0,0,0,0,0,0,0,0,0,0,0,0,0
Joshua Colfer,27,10,4,6,0.6666666666666666,1,1,1.0,0,2,0.0,11,3,4,0,1,1,0
Edward Hussain,18,11,1,4,0.25,0,1,0.0,2,2,1.0,4,2,0,0,1,1,1
Thomas Grimes,9,2,0,1,0.0,0,0,0,0,0,0,0,2,0,0,0,0,0
John Searcy,9,2,0,0,0,0,0,0,0,0,0,0,3,0,0,1,0,1
Thomas Wurstner,10,2,0,1,0.0,0,0,0,0,0,0,0,0,0,0,0,0,0
Daryl Scott,20,6,2,3,0.6666666666666666,0,0,0,0,0,0,4,3,2,0,0,1,1
""
=====Wisconsin Players=====
Player,Minutes,Possessions,FGM,FGA,FG%,3PM,3PA,3P%,FTM,FTA,FT%,Points,Rebounds,Assists,Steals,Blocks,TOs,Fouls
Roy Barnes,20,15,2,6,0.3333333333333333,1,4,0.25,1,3,0.3333333333333333,8,4,1,0,1,1,1
Ralph Long,20,5,2,2,1.0,0,0,0,0,0,0,4,1,2,0,1,3,1
Andrew Jones,15,9,4,5,0.8,0,1,0.0,0,0,0,8,4,1,0,1,2,1
Nicholas Mitchell,10,9,1,2,0.5,1,2,0.5,0,0,0,5,2,1,0,0,4,1
Jeramy Booth,24,12,2,5,0.4,0,2,0.0,1,2,0.5,5,5,2,0,3,2,0
Armando Pope,21,11,2,5,0.4,2,2,1.0,0,0,0,10,1,4,0,1,1,0
Amos Quinn,21,8,2,2,1.0,0,3,0.0,1,1,1.0,5,4,0,1,1,2,1
Kevin Wells,6,3,1,1,1.0,0,2,0.0,2,2,1.0,4,1,0,0,0,0,0
Gerald James,8,1,0,0,0,0,0,0,0,0,0,0,2,1,0,0,1,1
Craig Mitchell,15,5,2,2,1.0,0,2,0.0,0,0,0,4,3,0,0,0,0,0
Ian Mccall,20,7,2,2,1.0,0,0,0,0,0,0,4,1,3,3,1,1,0
William Sun,20,6,1,1,1.0,1,2,0.5,0,0,0,5,2,0,2,0,1,1
Grigor Vance,0,0,0,0,0,0,0,0,0,0,0,0,0,0,0,0,0,0
""
""
=====TEAM STATS=====
Stat,Kentucky,Wisconsin
Points,55,62
Possessions,72,74
FGM,21,21
FGA,42,33
FGPercent,0.5,0.6363636363636364
3PM,3,5
3PA,7,20
3P%,0.42857142857142855,0.25
FTM,4,5
FTA,10,8
FT%,0.4,0.625
Rebounds,29,30
OffRebounds,10,11
DefRebounds,19,19
Assists,10,15
Steals,1,0
Blocks,6,2
Total Turnovers,21,13
Largest Lead,9,7
