Team,Result,PlayType,TeamOneScore,TeamTwoScore,Possession,Total Possessions
ECU,ECU wins the tipoff!,Tipoff,0,0,0,146
MIAF,James Green Inside shot...Score!       Assisted by: Charles Miller,Score,2,0,1,146
ECU,Ryan Dudley steals the ball for ECU!,Turnover,2,0,2,146
MIAF,James Green Inside shot...Score!       Assisted by: Albert Tierney,Score,4,0,3,146
ECU,Douglas Hughes 3-point attempt...Score!       Assisted by: Douglas Hughes,Score,4,3,4,146
ECU,Daniel Hach steals the ball for MIAF!,Turnover,4,3,5,146
ECU,Nathan Francis 2-point jumper...Score!,Score,4,5,6,146
MIAF,James Green Inside shot...Score!,Score,6,5,7,146
ECU,Jeffrey Luedtke 3-point attempt...Missed!Rebounded by Ryan Dudley.,Score,6,5,8,146
MIAF,James Green 3-point attempt...Score!       Assisted by: Charles Miller,Score,9,5,9,146
ECU,Nathan Francis 3-point attempt...Score!       Assisted by: Daniel Hach,Score,9,8,10,146
MIAF,Nathan Francis 3-point attempt...Score!       Assisted by: Daniel Hach,Score,9,8,11,146
ECU,Craig Fisher 3-point attempt...Missed!Rebounded by Brian Bruce.,Score,9,8,12,146
ECU,Brian Bruce 3-point attempt...Missed!       Rebounded by James Green.,Miss,9,8,13,146
MIAF,Charles Miller Inside shot...BLOCKED by Douglas Hughes.       Rebounded by Craig Fisher.,Turnover,9,8,14,146
ECU,Douglas Hughes 3-point attempt...Missed!Rebounded by Brian Bruce.,Score,9,8,15,146
ECU,"Charles Miller Inside shot...Missed, but fouled on the play.",Fouled,9,8,16,146
ECU,Free throw coming up... rattled out.,FreeThrow,9,8,16,146
MIAF,Free throw coming up... good!,FreeThrow,10,8,16,146
ECU,Mark Wenzel steals the ball for ECU!,Turnover,10,8,17,146
MIAF,John Haug 2-point jumper...Missed!       Rebounded by Douglas Hughes.,Missed,10,8,18,146
ECU,Ryan Dudley steals the ball for ECU!,Turnover,10,8,19,146
MIAF,James Green 3-point attempt...Missed!       Rebounded by Benjamin Fritts.,Miss,10,8,20,146
ECU,Ryan Dudley steals the ball for ECU!,Turnover,10,8,21,146
MIAF,Mark Wenzel 2-point jumper...Score!       Assisted by: Charles Miller,Score,12,8,22,146
ECU,Benjamin Fritts 2-point jumper...Score!,Score,12,10,23,146
MIAF,Brian Bruce Inside shot...Score!,Score,14,10,24,146
MIAF,"Douglas Hughes 3-point attempt...Missed, but fouled on the play.",Fouled,14,10,25,146
MIAF,       Free throw coming up... good!,FreeThrow,14,11,25,146
MIAF,       Free throw coming up... good!,FreeThrow,14,12,25,146
ECU,       Free throw coming up... good!,FreeThrow,14,13,25,146
ECU,ECU: Offensive foul on Mark Wenzel.,Foul,14,13,26,146
MIAF,Benjamin Fritts 3-point attempt...Missed!       Rebounded by Jeffrey Luedtke.,Score,14,13,27,146
ECU,Jeffrey Luedtke 3-point attempt...Score!       Assisted by: Benjamin Fritts,Score,14,16,28,146
MIAF,Albert Tierney 3-point attempt...Missed!       Rebounded by Douglas Hughes.,Miss,14,16,29,146
MIAF,Douglas Hughes 3-point attempt...Missed!       Rebounded by Jeffrey Luedtke.,Score,14,16,30,146
ECU,Benjamin Fritts 3-point attempt...Missed!Rebounded by Ryan Dudley.,Score,14,16,31,146
ECU,Daniel Hach steals the ball for MIAF!,Turnover,14,16,32,146
MIAF,Joseph Robinson lost the ball out of bounds.,Turnover,14,16,33,146
MIAF,Willie Ford 3-point attempt...Missed!       Rebounded by Wade Zheng.,Miss,14,16,34,146
MIAF,Craig Fisher 3-point attempt...Missed!       Rebounded by Benjamin Fritts.,Score,14,16,35,146
MIAF,"Nathan Francis 3-point attempt...Missed, but fouled on the play.",Fouled,14,16,36,146
MIAF,"Nathan Francis 3-point attempt...Missed, but fouled on the play.",FreeThrow,14,16,36,146
MIAF,"Nathan Francis 3-point attempt...Missed, but fouled on the play.",FreeThrow,14,16,36,146
ECU,       Free throw coming up... good!,FreeThrow,14,17,36,146
MIAF,James Green 2-point jumper...Score!       Assisted by: Brian Bruce,Score,16,17,37,146
ECU,Kevin Payton 3-point attempt...Score!       Assisted by: Nathan Francis,Score,16,20,38,146
MIAF,Mark Wenzel 2-point jumper...Missed!       Rebounded by Nathan Francis.,Missed,16,20,39,146
ECU,Benjamin Fritts 2-point jumper...Missed!       Rebounded by John Haug.,Score,16,20,40,146
MIAF,Ryan Dudley 3-point attempt...Score!       Assisted by: Charles Miller,Score,19,20,41,146
MIAF,MIAF: Offensive foul on Craig Fisher.,Turnover,19,20,42,146
ECU,Oliver Steadman 3-point attempt...Missed!       Rebounded by James Green.,Miss,19,20,43,146
ECU,Brian Bruce 3-point attempt...Missed!       Rebounded by James Green.,Miss,19,20,44,146
MIAF,Charles Miller Inside shot...Score!,Score,21,20,45,146
ECU,Douglas Hughes 2-point jumper...Missed!       Rebounded by James Green.,Score,21,20,46,146
MIAF,Ryan Dudley Inside shot...Score!,Score,23,20,47,146
ECU,Benjamin Fritts 3-point attempt...Score!       Assisted by: Jeffrey Luedtke,Score,23,23,48,146
MIAF,Benjamin Fritts 3-point attempt...Score!       Assisted by: Jeffrey Luedtke,Score,23,23,49,146
ECU,Charles Miller steals the ball for ECU!,Turnover,23,23,50,146
MIAF,Ryan Dudley 3-point attempt...Missed!       Rebounded by Nathan Francis.,Miss,23,23,51,146
MIAF,Nathan Francis 2-point jumper...Missed!       Rebounded by Nathan Francis.,Score,23,23,52,146
MIAF,Jeffrey Luedtke 2-point jumper...BLOCKED by Charles Miller.       Rebounded by Jeffrey Luedtke.,Turnover,23,23,53,146
ECU,Craig Fisher 3-point attempt...Missed!Rebounded by James Green.,Score,23,23,54,146
ECU,"Oliver Steadman Inside shot...Missed, but fouled on the play.",Fouled,23,23,55,146
ECU,Free throw coming up... rattled out.,FreeThrow,23,23,55,146
MIAF,Free throw coming up... good!,FreeThrow,24,23,55,146
ECU,Charles Miller steals the ball for ECU!,Turnover,24,23,56,146
ECU,Mark Wenzel 3-point attempt...Missed!       Rebounded by James Green.,Miss,24,23,57,146
MIAF,Albert Tierney 2-point jumper...Score!       Assisted by: James Green,Score,26,23,58,146
ECU,Charles Miller steals the ball for ECU!,Turnover,26,23,59,146
MIAF,Oliver Steadman 3-point attempt...Score!       Assisted by: James Green,Score,29,23,60,146
MIAF,Richard Beck 2-point jumper...Missed!       Rebounded by Douglas Hughes.,Score,29,23,61,146
MIAF,Craig Fisher 3-point attempt...Missed!       Rebounded by Minh Pham.,Score,29,23,62,146
ECU,Randy Oneill 2-point jumper...BLOCKED by Mark Wenzel.       Rebounded by John Haug.,Turnover,29,23,63,146
MIAF,Mark Wenzel 3-point attempt...Score!       Assisted by: Oliver Steadman,Score,32,23,64,146
MIAF,Benjamin Fritts lost the ball out of bounds.,Turnover,32,23,65,146
MIAF,John Haug 3-point attempt...Score!       Assisted by: Mark Wenzel,Score,35,23,66,146
MIAF,Benjamin Fritts lost the ball out of bounds.,Turnover,35,23,67,146
ECU,Dustin Williamson steals the ball for MIAF!,Turnover,35,23,68,146
ECU,Richard Beck 2-point jumper...Score!,Score,35,25,69,146
ECU,Ryan Dudley 2-point jumper...Missed!       Rebounded by Charles Miller.,Missed,35,25,71,146
ECU,Albert Tierney 2-point jumper...Missed!       Rebounded by James Green.,Missed,35,25,72,146
MIAF,James Green Inside shot...Score!,Score,37,25,73,146
,"=====HALFTIME!=====
Halftime Score:
MIAF: 25
ECU: 37
",HALFTIME,37,25,73,146
ECU,Benjamin Fritts 3-point attempt...Score!       Assisted by: Jeffrey Luedtke,Score,37,28,74,146
MIAF,Ryan Dudley Inside shot...Score!,Score,39,28,75,146
ECU,Jeffrey Luedtke 2-point jumper...Score!,Score,39,30,76,146
MIAF,Mark Wenzel Inside shot...Score!       Assisted by: Brian Bruce,Score,41,30,77,146
MIAF,MIAF: Shot clock violation on Benjamin Fritts.,Turnover,41,30,78,146
MIAF,Albert Tierney 3-point attempt...Score!       Assisted by: Brian Bruce,Score,44,30,79,146
ECU,Douglas Hughes 3-point attempt...Score!       Assisted by: Daniel Hach,Score,44,33,80,146
MIAF,Mark Wenzel 3-point attempt...Score!       Assisted by: James Green,Score,47,33,81,146
ECU,Benjamin Fritts 3-point attempt...Missed!Rebounded by John Haug.,Score,47,33,82,146
MIAF,Brian Bruce Inside shot...Score!,Score,49,33,83,146
MIAF,Craig Fisher 3-point attempt...Missed!       Rebounded by Benjamin Fritts.,Score,49,33,84,146
ECU,Nathan Francis 3-point attempt...Score!       Assisted by: Benjamin Fritts,Score,49,36,85,146
MIAF,James Green 3-point attempt...Missed!       Rebounded by Douglas Hughes.,Miss,49,36,86,146
ECU,Jeffrey Luedtke 2-point jumper...Score!,Score,49,38,87,146
MIAF,Oliver Steadman 3-point attempt...Score!,Score,52,38,88,146
ECU,Craig Fisher 3-point attempt...Missed!Rebounded by Ryan Dudley.,Score,52,38,89,146
MIAF,Mark Wenzel Inside shot...BLOCKED by Benjamin Fritts.       Rebounded by Daniel Hach.,Turnover,52,38,90,146
ECU,Jeffrey Luedtke 2-point jumper...Missed!       Rebounded by James Green.,Score,52,38,91,146
ECU,"Mark Wenzel Inside shot...Missed, but fouled on the play.",Fouled,52,38,92,146
ECU,Free throw coming up... rattled out.,FreeThrow,52,38,92,146
MIAF,Free throw coming up... good!,FreeThrow,53,38,92,146
ECU,Douglas Hughes 3-point attempt...Score!       Assisted by: Douglas Hughes,Score,53,41,93,146
ECU,Craig Fisher steals the ball for MIAF!,Turnover,53,41,94,146
ECU,Daniel Hach 3-point attempt...Missed!Rebounded by James Green.,Score,53,41,97,146
MIAF,Brian Bruce Inside shot...Score!,Score,55,41,98,146
ECU,Craig Fisher 2-point jumper...Missed!       Rebounded by Charles Miller.,Score,55,41,99,146
MIAF,Brian Bruce Inside shot...Score!,Score,57,41,100,146
ECU,Ryan Dudley steals the ball for ECU!,Turnover,57,41,101,146
ECU,Charles Miller 2-point jumper...Missed!       Rebounded by Freddie Brooks.,Missed,57,41,102,146
ECU,Randy Oneill steals the ball for MIAF!,Turnover,57,41,103,146
ECU,Douglas Hughes Inside shot...Score!,Score,57,43,104,146
ECU,Charles Miller 3-point attempt...Missed!       Rebounded by Ryan Dudley.,Miss,57,43,105,146
ECU,ECU: Offensive foul on Ryan Dudley.,Foul,57,43,106,146
ECU,Craig Fisher 2-point jumper...Score!,Score,57,45,107,146
MIAF,Craig Fisher 2-point jumper...Score!,Score,57,45,108,146
MIAF,"Benjamin Fritts 2-point jumper...Missed, but fouled on the play.",Foul,57,45,109,146
MIAF,Free throw coming up... rattled out.,Score,57,45,109,146
ECU,Free throw coming up... rattled out.Free throw coming up... good!,FreeThrow,57,46,109,146
ECU,Oliver Steadman 3-point attempt...Missed!       Rebounded by Willie Ford.,Miss,57,46,110,146
MIAF,Ryan Dudley Inside shot...Score!       Assisted by: Albert Tierney,Score,59,46,111,146
ECU,Nathan Francis 3-point attempt...Score!       Assisted by: Nathan Francis,Score,59,49,112,146
MIAF,Brian Bruce Inside shot...Score!,Score,61,49,113,146
MIAF,Craig Fisher lost the ball out of bounds.,Turnover,61,49,114,146
ECU,Albert Tierney lost the ball out of bounds.,Out of Bounds,61,49,115,146
ECU,Jeffrey Luedtke 2-point jumper...Score!       Assisted by: Daniel Hach,Score,61,51,116,146
ECU,"Ryan Dudley Inside shot...Missed, but fouled on the play.",Fouled,61,51,117,146
ECU,Free throw coming up... good!,FreeThrow,62,51,117,146
MIAF,Free throw coming up... rattled out.       Rebounded by Douglas Hughes.,FreeThrow,62,51,117,146
ECU,Benjamin Fritts 3-point attempt...Missed!Rebounded by James Green.,Score,62,51,118,146
ECU,Brian Bruce lost the ball out of bounds.,Out of Bounds,62,51,119,146
ECU,Craig Fisher 2-point jumper...Missed!       Rebounded by Albert Tierney.,Score,62,51,120,146
MIAF,James Green 2-point jumper...Score!,Score,64,51,121,146
ECU,Nathan Francis 3-point attempt...Score!       Assisted by: Nathan Francis,Score,64,54,122,146
MIAF,Willie Ford Inside shot...Score!,Score,66,54,123,146
MIAF,Randy Oneill 3-point attempt...Missed!       Rebounded by Benjamin Fritts.,Score,66,54,124,146
MIAF,Nathan Francis 2-point jumper...Missed!       Rebounded by Douglas Hughes.,Score,66,54,125,146
ECU,Craig Fisher 2-point jumper...Score!,Score,66,56,126,146
ECU,ECU: Offensive foul on James Green.,Foul,66,56,127,146
MIAF,Douglas Hughes lost the ball out of bounds.,Turnover,66,56,128,146
ECU,John Haug 3-point attempt...Missed!       Rebounded by Mark Stephens.,Miss,66,56,129,146
ECU,"Charles Miller Inside shot...Missed, but fouled on the play.",Fouled,66,56,130,146
ECU,Free throw coming up... rattled out.,FreeThrow,66,56,130,146
MIAF,Free throw coming up... good!,FreeThrow,67,56,130,146
MIAF,Benjamin Fritts 3-point attempt...Missed!       Rebounded by Craig Fisher.,Score,67,56,131,146
MIAF,Joseph Robinson 3-point attempt...Missed!       Rebounded by Nathan Francis.,Score,67,56,132,146
MIAF,MIAF: Shot clock violation on Benjamin Fritts.,Turnover,67,56,133,146
MIAF,Brian Bruce 3-point attempt...Score!       Assisted by: Oliver Steadman,Score,70,56,134,146
ECU,Craig Fisher 3-point attempt...Missed!Rebounded by Charles Miller.,Score,70,56,135,146
MIAF,Craig Fisher 3-point attempt...Missed!Rebounded by Charles Miller.,Score,70,56,136,146
MIAF,Benjamin Fritts 2-point jumper...Missed!       Rebounded by Craig Fisher.,Score,70,56,137,146
ECU,James Green steals the ball for ECU!,Turnover,70,56,138,146
MIAF,Brian Bruce 3-point attempt...Score!,Score,73,56,139,146
ECU,Douglas Hughes 3-point attempt...Missed!Rebounded by James Green.,Score,73,56,140,146
MIAF,Oliver Steadman 3-point attempt...Score!       Assisted by: Brian Bruce,Score,76,56,141,146
ECU,Daniel Hach 3-point attempt...Score!       Assisted by: Nathan Francis,Score,76,59,142,146
ECU,Joseph Robinson steals the ball for MIAF!,Turnover,76,59,144,146
ECU,Jeffrey Luedtke 3-point attempt...Score!       Assisted by: Randy Oneill,Score,76,62,145,146
ECU,Ryan Dudley 3-point attempt...Missed!       Rebounded by Charles Miller.,Miss,76,62,146,146
,Match Complete,FinalScore,76,62,146,146
