Team,Result,PlayType,TeamOneScore,TeamTwoScore,Possession,Total Possessions
TENN,TENN wins the tipoff!,Tipoff,0,0,0,149
WAST,Dion Whitlock 3-point attempt...Score!       Assisted by: Harris Blount,Score,0,3,1,149
WAST,Benjamin Price steals the ball for TENN!,Turnover,0,3,2,149
WAST,Terry Baker 3-point attempt...Missed!Rebounded by Wallace Crawford.,Score,0,3,3,149
TENN,Ian Elmore 2-point jumper...Score!       Assisted by: Bradley Lloyd,Score,2,3,4,149
WAST,Harris Blount 2-point jumper...Missed!       Rebounded by Ian Elmore.,Score,2,3,5,149
TENN,Wallace Crawford 3-point attempt...Score!       Assisted by: Bradley Lloyd,Score,5,3,6,149
WAST,Terry Baker Inside shot...Missed!       Rebounded by Wallace Crawford.,Score,5,3,7,149
TENN,Shirley Minnick 2-point jumper...Missed!       Rebounded by Warren Tran.,Missed,5,3,8,149
WAST,Refugio Dent 3-point attempt...Score!       Assisted by: Dion Whitlock,Score,5,6,9,149
WAST,"Eric Young Inside shot...Score! Fouled, and one!       Assisted by: Jordon Thacker",Score,7,6,10,149
TENN,Free throw coming up... rattled out.       Rebounded by Warren Tran.,FreeThrow,7,6,10,149
TENN,Refugio Dent 3-point attempt...BLOCKED by Alphonso Bloom.       Rebounded by Terry Baker.,Turnover,7,6,11,149
WAST,Refugio Dent 3-point attempt...Missed!Rebounded by Alphonso Bloom.,Score,7,6,12,149
TENN,Randy Russell Inside shot...Score!       Assisted by: Jordon Thacker,Score,9,6,13,149
WAST,Harris Blount 3-point attempt...Score!       Assisted by: Warren Tran,Score,9,9,14,149
WAST,Eric Young lost the ball out of bounds.,Out of Bounds,9,9,15,149
WAST,Shirley Minnick steals the ball for WAST!,Turnover,9,9,16,149
WAST,Eric Young 2-point jumper...BLOCKED by Robert Jeffery.       Rebounded by Eric Young.,Turnover,9,9,17,149
TENN,Randy Russell 3-point attempt...Score!       Assisted by: Shirley Minnick,Score,12,9,18,149
TENN,Terry Baker lost the ball out of bounds.,Turnover,12,9,19,149
TENN,Jordon Thacker Inside shot...Score!       Assisted by: Randy Russell,Score,14,9,20,149
WAST,Benjamin Price 3-point attempt...Missed!Rebounded by Dalton Matthew.,Score,14,9,21,149
TENN,Shirley Minnick 2-point jumper...Score!       Assisted by: Ian Elmore,Score,16,9,22,149
TENN,Benjamin Price 3-point attempt...Missed!       Rebounded by Terry Baker.,Score,16,9,23,149
WAST,Harris Blount 3-point attempt...Missed!Rebounded by Wallace Crawford.,Score,16,9,24,149
WAST,WAST: Offensive foul on Jordon Thacker.,Foul,16,9,25,149
WAST,Robert Jeffery 3-point attempt...Score!       Assisted by: Dion Whitlock,Score,16,12,26,149
WAST,Eric Young 3-point attempt...Missed!       Rebounded by Jordon Thacker.,Miss,16,12,27,149
TENN,Randy Russell Inside shot...Score!,Score,18,12,28,149
WAST,Terry Baker 3-point attempt...Missed!Rebounded by Alphonso Bloom.,Score,18,12,29,149
TENN,Randy Russell Inside shot...Score!       Assisted by: Ian Elmore,Score,20,12,30,149
TENN,Refugio Dent Inside shot...Missed!       Rebounded by Benjamin Price.,Score,20,12,31,149
WAST,Terry Baker 3-point attempt...Missed!Rebounded by Raymond Tavares.,Score,20,12,32,149
TENN,Bradley Lloyd 2-point jumper...Missed!       Rebounded by Benjamin Price.,Missed,20,12,33,149
WAST,Refugio Dent 3-point attempt...Score!       Assisted by: Terry Baker,Score,20,15,34,149
TENN,Refugio Dent 3-point attempt...Score!       Assisted by: Terry Baker,Score,20,15,35,149
WAST,Joe Morgan steals the ball for WAST!,Turnover,20,15,36,149
TENN,Eric Young 2-point jumper...Score!       Assisted by: Eric Young,Score,22,15,37,149
TENN,Harris Blount 2-point jumper...Missed!       Rebounded by Refugio Dent.,Score,22,15,38,149
WAST,Terry Baker 3-point attempt...Score!,Score,22,18,39,149
TENN,Shirley Minnick 3-point attempt...Score!       Assisted by: Wallace Crawford,Score,25,18,40,149
WAST,Benjamin Price 3-point attempt...Missed!Rebounded by Alphonso Bloom.,Score,25,18,41,149
WAST,"Alphonso Bloom Inside shot...Score! Fouled, and one!       Assisted by: Raymond Tavares",Score,27,18,42,149
TENN,Free throw coming up... rattled out.       Rebounded by Benjamin Price.,FreeThrow,27,18,42,149
WAST,Warren Tran 3-point attempt...Score!       Assisted by: Dion Whitlock,Score,27,21,43,149
WAST,Benjamin Price steals the ball for TENN!,Turnover,27,21,44,149
WAST,Benjamin Price 3-point attempt...Score!       Assisted by: Warren Tran,Score,27,24,45,149
WAST,Joe Morgan 2-point jumper...Missed!       Rebounded by Jordon Thacker.,Missed,27,24,46,149
TENN,Eric Young Inside shot...BLOCKED by Warren Tran.       Rebounded by Refugio Dent.,Turnover,27,24,47,149
WAST,Terry Baker 2-point jumper...BLOCKED by Shirley Minnick.       Rebounded by Wallace Crawford.,Turnover,27,24,48,149
WAST,Terry Baker 2-point jumper...BLOCKED by Shirley Minnick.       Rebounded by Wallace Crawford.,Score,27,24,49,149
TENN,Dalton Matthew Inside shot...Score!       Assisted by: Joe Morgan,Score,29,24,50,149
WAST,Dion Whitlock 3-point attempt...Score!       Assisted by: Harris Blount,Score,29,27,51,149
WAST,Dion Whitlock 3-point attempt...Score!       Assisted by: Harris Blount,Score,29,27,52,149
WAST,Jordon Thacker lost the ball out of bounds.,Out of Bounds,29,27,53,149
WAST,Harris Blount Inside shot...Score!       Assisted by: Terry Baker,Score,29,29,54,149
TENN,Joe Morgan 3-point attempt...Missed!       Rebounded by Warren Tran.,Miss,29,29,55,149
WAST,Michael Friend steals the ball for WAST!,Turnover,29,29,56,149
TENN,Joe Morgan Inside shot...Score!       Assisted by: Eric Young,Score,31,29,57,149
TENN,Dion Whitlock 3-point attempt...Missed!       Rebounded by Refugio Dent.,Score,31,29,58,149
WAST,Benjamin Price 3-point attempt...Score!       Assisted by: Terry Baker,Score,31,32,59,149
TENN,Shirley Minnick 3-point attempt...Score!       Assisted by: Dalton Matthew,Score,34,32,60,149
TENN,Harris Blount lost the ball out of bounds.,Turnover,34,32,61,149
TENN,Wallace Crawford 3-point attempt...Missed!       Rebounded by Robert Jeffery.,Miss,34,32,62,149
WAST,Benjamin Price Inside shot...Score!       Assisted by: Refugio Dent,Score,34,34,63,149
WAST,Refugio Dent steals the ball for TENN!,Turnover,34,34,64,149
TENN,Dion Whitlock 3-point attempt...Missed!       Rebounded by Warren Tran.,Score,34,34,65,149
TENN,Dion Whitlock 2-point jumper...BLOCKED by Jordon Thacker.       Rebounded by Terry Baker.,Turnover,34,34,66,149
WAST,Refugio Dent 2-point jumper...Missed!       Rebounded by Alphonso Bloom.,Score,34,34,67,149
TENN,Eric Young Inside shot...Score!,Score,36,34,68,149
WAST,Terry Baker 3-point attempt...Score!,Score,36,37,69,149
WAST,Shirley Minnick 2-point jumper...Missed!       Rebounded by Wallace Crawford.,Missed,36,37,70,149
WAST,Jordon Thacker 3-point attempt...Missed!       Rebounded by Wallace Crawford.,Miss,36,37,71,149
TENN,Joe Morgan Inside shot...Score!,Score,38,37,72,149
TENN,TENN: Offensive foul on Terry Baker.,Turnover,38,37,73,149
TENN,Wallace Crawford Inside shot...Score!,Score,40,37,74,149
,"=====HALFTIME!=====
Halftime Score:
TENN: 37
WAST: 40
",HALFTIME,40,37,74,149
WAST,Benjamin Price 3-point attempt...Missed!Rebounded by Eric Young.,Score,40,37,75,149
TENN,Wallace Crawford 2-point jumper...Missed!       Rebounded by Dion Whitlock.,Missed,40,37,76,149
TENN,Harris Blount 3-point attempt...Missed!       Rebounded by Terry Baker.,Score,40,37,77,149
TENN,"Refugio Dent Inside shot...Missed, but fouled on the play.",Fouled,40,37,78,149
WAST,WAST: Offensive foul on Randy Russell.,Foul,40,37,79,149
WAST,Jordon Thacker steals the ball for WAST!,Turnover,40,37,80,149
WAST,"Shirley Minnick Inside shot...Score! Fouled, and one!",Score,42,37,81,149
TENN,Free throw coming up... rattled out.       Rebounded by Warren Tran.,FreeThrow,42,37,81,149
WAST,Benjamin Price 2-point jumper...Missed!       Rebounded by Raymond Tavares.,Score,42,37,82,149
TENN,Randy Russell 3-point attempt...Missed!       Rebounded by Refugio Dent.,Miss,42,37,83,149
WAST,Refugio Dent 3-point attempt...Missed!Rebounded by Wallace Crawford.,Score,42,37,84,149
WAST,WAST: Shot clock violation on Dalton Matthew.,Shot Clock Violation,42,37,85,149
TENN,Warren Tran lost the ball out of bounds.,Turnover,42,37,86,149
TENN,Ian Elmore Inside shot...Score!,Score,44,37,87,149
WAST,Warren Tran 2-point jumper...Missed!       Rebounded by Jordon Thacker.,Score,44,37,88,149
WAST,WAST: Offensive foul on Eric Young.,Foul,44,37,89,149
TENN,Refugio Dent 3-point attempt...BLOCKED by Wallace Crawford.       Rebounded by Warren Tran.,Turnover,44,37,90,149
WAST,Randy Russell steals the ball for WAST!,Turnover,44,37,91,149
WAST,Randy Russell 2-point jumper...Missed!       Rebounded by Alphonso Bloom.,Missed,44,37,92,149
WAST,"Randy Russell Inside shot...Missed, but fouled on the play.",Fouled,44,37,93,149
WAST,Free throw coming up... good!,FreeThrow,45,37,93,149
TENN,Free throw coming up... good!,FreeThrow,46,37,93,149
WAST,Randy Russell steals the ball for WAST!,Turnover,46,37,94,149
TENN,Randy Russell Inside shot...Score!,Score,48,37,95,149
TENN,Benjamin Price 3-point attempt...Missed!       Rebounded by Benjamin Price.,Score,48,37,96,149
WAST,Terry Baker 3-point attempt...Missed!Rebounded by Randy Russell.,Score,48,37,97,149
WAST,Terry Baker steals the ball for TENN!,Turnover,48,37,98,149
WAST,Terry Baker 3-point attempt...Score!       Assisted by: Terry Baker,Score,48,40,99,149
TENN,Wallace Crawford Inside shot...Score!       Assisted by: Bradley Lloyd,Score,50,40,100,149
WAST,Dion Whitlock Inside shot...BLOCKED by Shirley Minnick.       Rebounded by Wallace Crawford.,Turnover,50,40,101,149
TENN,Bradley Lloyd 2-point jumper...Missed!       Rebounded by Benjamin Price.,Missed,50,40,102,149
TENN,Benjamin Price 3-point attempt...Missed!       Rebounded by Harris Blount.,Score,50,40,103,149
WAST,Refugio Dent 3-point attempt...Score!       Assisted by: Dion Whitlock,Score,50,43,104,149
TENN,Wallace Crawford 3-point attempt...Missed!       Rebounded by Harris Blount.,Miss,50,43,105,149
TENN,TENN: Offensive foul on Terry Baker.,Turnover,50,43,106,149
WAST,"Wallace Crawford Inside shot...Missed, but fouled on the play.",Fouled,50,43,107,149
WAST,Free throw coming up... good!,FreeThrow,51,43,107,149
TENN,Free throw coming up... rattled out.       Rebounded by Warren Tran.,FreeThrow,51,43,107,149
WAST,Terry Baker 2-point jumper...Missed!       Rebounded by Wallace Crawford.,Score,51,43,108,149
TENN,Randy Russell Inside shot...BLOCKED by Benjamin Price.       Rebounded by Benjamin Price.,Turnover,51,43,109,149
WAST,Terry Baker 3-point attempt...Score!       Assisted by: Terry Baker,Score,51,46,110,149
TENN,Jordon Thacker 3-point attempt...Score!,Score,54,46,111,149
WAST,Eric Young steals the ball for WAST!,Turnover,54,46,112,149
TENN,Ian Elmore 3-point attempt...Missed!       Rebounded by Refugio Dent.,Miss,54,46,113,149
WAST,Refugio Dent 2-point jumper...Score!,Score,54,48,114,149
TENN,Wallace Crawford 3-point attempt...Missed!       Rebounded by Benjamin Price.,Miss,54,48,115,149
WAST,Dion Whitlock Inside shot...Score!,Score,54,50,116,149
WAST,Eric Young Inside shot...BLOCKED by Harris Blount.       Rebounded by Shirley Minnick.,Turnover,54,50,117,149
WAST,WAST: Offensive foul on Eric Young.,Foul,54,50,118,149
WAST,Harris Blount 3-point attempt...Missed!Rebounded by Ian Elmore.,Score,54,50,119,149
WAST,Terry Baker steals the ball for TENN!,Turnover,54,50,120,149
WAST,Refugio Dent Inside shot...Score!,Score,54,52,121,149
TENN,Alphonso Bloom Inside shot...Score!       Assisted by: Joe Morgan,Score,56,52,122,149
WAST,Benjamin Price 3-point attempt...Missed!Rebounded by Alphonso Bloom.,Score,56,52,123,149
WAST,Harris Blount steals the ball for TENN!,Turnover,56,52,124,149
WAST,Refugio Dent Inside shot...BLOCKED by Wallace Crawford.       Rebounded by Ian Elmore.,Turnover,56,52,125,149
WAST,Bradley Lloyd Inside shot...BLOCKED by Harris Blount.       Rebounded by Randy Russell.,Turnover,56,52,127,149
WAST,Refugio Dent steals the ball for TENN!,Turnover,56,52,128,149
WAST,Harris Blount Inside shot...Score!       Assisted by: Warren Tran,Score,56,54,129,149
TENN,Eric Young 3-point attempt...Missed!       Rebounded by Refugio Dent.,Miss,56,54,130,149
WAST,Terry Baker Inside shot...BLOCKED by Wallace Crawford.       Rebounded by Shirley Minnick.,Turnover,56,54,131,149
WAST,Refugio Dent steals the ball for TENN!,Turnover,56,54,132,149
WAST,Shirley Minnick steals the ball for WAST!,Turnover,56,54,133,149
WAST,Jordon Thacker lost the ball out of bounds.,Out of Bounds,56,54,134,149
TENN,Harris Blount 3-point attempt...Missed!       Rebounded by Benjamin Price.,Score,56,54,135,149
WAST,Wallace Crawford steals the ball for WAST!,Turnover,56,54,136,149
WAST,"Eric Young Inside shot...Missed, but fouled on the play.",Fouled,56,54,137,149
WAST,Free throw coming up... rattled out.,FreeThrow,56,54,137,149
TENN,Free throw coming up... rattled out.       Rebounded by Terry Baker.,FreeThrow,56,54,137,149
WAST,Jordon Thacker steals the ball for WAST!,Turnover,56,54,138,149
TENN,Jordon Thacker steals the ball for WAST!,Score,56,54,139,149
TENN,TENN: Offensive foul on Terry Baker.,Turnover,56,54,140,149
WAST,WAST: Offensive foul on Randy Russell.,Foul,56,54,141,149
WAST,Refugio Dent 3-point attempt...Score!       Assisted by: Terry Baker,Score,56,57,142,149
WAST,Eric Young lost the ball out of bounds.,Out of Bounds,56,57,143,149
WAST,Shirley Minnick steals the ball for WAST!,Turnover,56,57,144,149
TENN,Jordon Thacker 2-point jumper...Missed!       Rebounded by Warren Tran.,Missed,56,57,145,149
WAST,Refugio Dent 2-point jumper...Missed!       Rebounded by Ian Elmore.,Score,56,57,146,149
WAST,Wallace Crawford 2-point jumper...Missed!       Rebounded by Wallace Crawford.,Missed,56,57,147,149
TENN,Randy Russell 2-point jumper...BLOCKED by Warren Tran.       Rebounded by Benjamin Price.,Turnover,56,57,148,149
WAST,Refugio Dent 3-point attempt...Score!       Assisted by: Warren Tran,Score,56,60,149,149
,Match Complete,FinalScore,56,60,149,149
