Team,Result,PlayType,TeamOneScore,TeamTwoScore,Possession,Total Possessions
UKEN,UKEN wins the tipoff!,Tipoff,0,0,0,146
UKEN,Michael Stout 2-point jumper...Missed!       Rebounded by Thomas Grimes.,Missed,0,0,1,146
WISC,Joshua Colfer Inside shot...Score!,Score,2,0,2,146
UKEN,Roy Barnes Inside shot...Score!,Score,2,2,3,146
UKEN,"Harry Shaffer Inside shot...Missed, but fouled on the play.",Fouled,2,2,4,146
UKEN,Free throw coming up... rattled out.,FreeThrow,2,2,4,146
WISC,Free throw coming up... good!,FreeThrow,3,2,4,146
UKEN,Kevin Wells 3-point attempt...Missed!Rebounded by Harry Shaffer.,Score,3,2,5,146
WISC,Harry Shaffer 2-point jumper...Missed!       Rebounded by Nicholas Mitchell.,Missed,3,2,6,146
UKEN,Andrew Jones Inside shot...Score!       Assisted by: Ralph Long,Score,3,4,7,146
WISC,Andrew Jones Inside shot...Score!       Assisted by: Ralph Long,Score,3,4,8,146
UKEN,Ralph Long 2-point jumper...Score!,Score,3,6,9,146
UKEN,Edward Hussain lost the ball out of bounds.,Out of Bounds,3,6,10,146
UKEN,Harry Shaffer steals the ball for UKEN!,Turnover,3,6,11,146
WISC,Harry Shaffer Inside shot...Score!       Assisted by: Joshua Colfer,Score,5,6,12,146
WISC,Roy Barnes 3-point attempt...Missed!       Rebounded by Jeramy Booth.,Score,5,6,13,146
UKEN,Andrew Jones 2-point jumper...Missed!       Rebounded by Harry Shaffer.,Score,5,6,14,146
UKEN,UKEN: Offensive foul on Edward Hussain.,Foul,5,6,15,146
WISC,Amos Quinn 3-point attempt...Missed!       Rebounded by Jeramy Booth.,Score,5,6,16,146
UKEN,Jeramy Booth 3-point attempt...Missed!Rebounded by Cyrus Rice.,Score,5,6,17,146
WISC,Harry Shaffer 2-point jumper...Score!,Score,7,6,18,146
UKEN,Andrew Jones Inside shot...Score!       Assisted by: Armando Pope,Score,7,8,19,146
WISC,Harry Shaffer Inside shot...Score!,Score,9,8,20,146
UKEN,Craig Mitchell 3-point attempt...Missed!Rebounded by John Searcy.,Score,9,8,21,146
WISC,Cyrus Rice 3-point attempt...Score!       Assisted by: Michael Stout,Score,12,8,22,146
WISC,WISC: Offensive foul on Andrew Jones.,Turnover,12,8,23,146
WISC,Gerard Chaisson Inside shot...Score!,Score,14,8,24,146
UKEN,Nicholas Mitchell Inside shot...Score!,Score,14,10,25,146
WISC,Joshua Colfer 3-point attempt...Score!,Score,17,10,26,146
UKEN,Nicholas Mitchell 2-point jumper...Missed!       Rebounded by Cyrus Rice.,Score,17,10,27,146
WISC,Michael Stout Inside shot...Score!       Assisted by: Joshua Colfer,Score,19,10,28,146
WISC,Amos Quinn lost the ball out of bounds.,Turnover,19,10,29,146
UKEN,Joshua Colfer 2-point jumper...Missed!       Rebounded by Douglas Dupuis.,Missed,19,10,30,146
WISC,Lawrence Bennett 2-point jumper...Missed!       Rebounded by Amos Quinn.,Missed,19,10,31,146
UKEN,Ian Mccall Inside shot...Score!       Assisted by: Jeramy Booth,Score,19,12,32,146
UKEN,John Searcy lost the ball out of bounds.,Out of Bounds,19,12,33,146
UKEN,Amos Quinn Inside shot...Score!       Assisted by: Ralph Long,Score,19,14,34,146
WISC,Joshua Colfer Inside shot...Score!       Assisted by: Lawrence Bennett,Score,21,14,35,146
WISC,Armando Pope 2-point jumper...Missed!       Rebounded by Amos Quinn.,Score,21,14,36,146
UKEN,Armando Pope 3-point attempt...Score!       Assisted by: Roy Barnes,Score,21,17,37,146
WISC,Daryl Scott Inside shot...BLOCKED by Jeramy Booth.       Rebounded by Andrew Jones.,Turnover,21,17,38,146
UKEN,Craig Mitchell Inside shot...Score!       Assisted by: Armando Pope,Score,21,19,39,146
WISC,Edward Hussain Inside shot...Score!       Assisted by: Joshua Colfer,Score,23,19,40,146
UKEN,Roy Barnes 3-point attempt...Score!,Score,23,22,41,146
UKEN,UKEN: Offensive foul on Harry Shaffer.,Foul,23,22,42,146
UKEN,Jeramy Booth 2-point jumper...Score!,Score,23,24,43,146
UKEN,Amos Quinn steals the ball for WISC!,Turnover,23,24,44,146
WISC,William Sun 3-point attempt...Missed!       Rebounded by Ian Mccall.,Score,23,24,45,146
WISC,Roy Barnes 3-point attempt...Missed!       Rebounded by Craig Mitchell.,Score,23,24,47,146
UKEN,Roy Barnes Inside shot...Missed!       Rebounded by Douglas Dupuis.,Score,23,24,48,146
UKEN,Ian Mccall steals the ball for WISC!,Turnover,23,24,49,146
UKEN,Roy Barnes 2-point jumper...Missed!       Rebounded by Cyrus Rice.,Score,23,24,50,146
WISC,Gerard Chaisson 2-point jumper...Missed!       Rebounded by Gerald James.,Missed,23,24,51,146
UKEN,Craig Mitchell 3-point attempt...Missed!Rebounded by John Searcy.,Score,23,24,52,146
WISC,Cyrus Rice 2-point jumper...BLOCKED by Roy Barnes.       Rebounded by Andrew Jones.,Turnover,23,24,53,146
UKEN,Jeramy Booth 2-point jumper...Missed!       Rebounded by Joshua Colfer.,Score,23,24,54,146
UKEN,UKEN: Offensive foul on John Searcy.,Foul,23,24,55,146
WISC,Armando Pope 2-point jumper...BLOCKED by Edward Hussain.       Rebounded by William Sun.,Turnover,23,24,56,146
UKEN,Ralph Long Inside shot...Score!,Score,23,26,57,146
UKEN,Anthony Bestwick lost the ball out of bounds.,Out of Bounds,23,26,58,146
UKEN,Nicholas Mitchell Inside shot...BLOCKED by Harry Shaffer.       Rebounded by Joshua Colfer.,Turnover,23,26,59,146
WISC,Harry Shaffer Inside shot...Score!,Score,25,26,60,146
WISC,Ralph Long lost the ball out of bounds.,Turnover,25,26,61,146
WISC,Harry Shaffer Inside shot...Score!,Score,27,26,62,146
UKEN,Armando Pope Inside shot...Score!       Assisted by: Nicholas Mitchell,Score,27,28,63,146
WISC,Harry Shaffer Inside shot...Score!,Score,29,28,64,146
WISC,WISC: Offensive foul on Roy Barnes.,Turnover,29,28,65,146
WISC,Harry Shaffer Inside shot...Score!       Assisted by: Michael Stout,Score,31,28,66,146
UKEN,Jeramy Booth 3-point attempt...Missed!Rebounded by Harry Shaffer.,Score,31,28,67,146
WISC,Daryl Scott Inside shot...Score!,Score,33,28,68,146
WISC,"Jeramy Booth Inside shot...Missed, but fouled on the play.",Fouled,33,28,69,146
UKEN,Free throw coming up... good!,FreeThrow,33,29,69,146
WISC,Joshua Colfer Inside shot...BLOCKED by Jeramy Booth.       Rebounded by Armando Pope.,Turnover,33,29,70,146
WISC,Jeramy Booth 2-point jumper...BLOCKED by Michael Stout.       Rebounded by Jeramy Booth.,Turnover,33,29,71,146
UKEN,Andrew Jones 2-point jumper...Score!,Score,33,31,72,146
WISC,Joshua Colfer Inside shot...Score!,Score,35,31,73,146
,"=====HALFTIME!=====
Halftime Score:
WISC: 31
UKEN: 35
",HALFTIME,35,31,73,146
UKEN,Nicholas Mitchell 3-point attempt...Missed!Rebounded by Daryl Scott.,Score,35,31,74,146
WISC,Daryl Scott Inside shot...Score!       Assisted by: Michael Stout,Score,37,31,75,146
WISC,Armando Pope 2-point jumper...Missed!       Rebounded by Jeramy Booth.,Score,37,31,76,146
WISC,Ian Mccall lost the ball out of bounds.,Turnover,37,31,77,146
UKEN,Ian Mccall steals the ball for WISC!,Turnover,37,31,78,146
UKEN,Craig Mitchell Inside shot...Score!       Assisted by: Armando Pope,Score,37,33,79,146
WISC,Harry Shaffer Inside shot...Score!,Score,39,33,80,146
UKEN,Andrew Jones 3-point attempt...Missed!Rebounded by Harry Shaffer.,Score,39,33,81,146
UKEN,Harry Shaffer Inside shot...BLOCKED by Ralph Long.       Rebounded by Cyrus Rice.,Turnover,39,33,82,146
WISC,Douglas Dupuis Inside shot...Score!       Assisted by: Daryl Scott,Score,41,33,83,146
UKEN,Roy Barnes 3-point attempt...Missed!Rebounded by Harry Shaffer.,Score,41,33,84,146
UKEN,Cyrus Rice Inside shot...BLOCKED by Andrew Jones.       Rebounded by Harry Shaffer.,Turnover,41,33,85,146
UKEN,UKEN: Shot clock violation on Cyrus Rice.,Shot Clock Violation,41,33,86,146
UKEN,Andrew Jones 2-point jumper...Score!,Score,41,35,87,146
UKEN,"Edward Hussain Inside shot...Missed, but fouled on the play.",Fouled,41,35,88,146
UKEN,Free throw coming up... good!,FreeThrow,42,35,88,146
WISC,Free throw coming up... good!,FreeThrow,43,35,88,146
UKEN,Nicholas Mitchell Inside shot...BLOCKED by Harry Shaffer.       Rebounded by Harry Shaffer.,Turnover,43,35,89,146
WISC,Nicholas Mitchell Inside shot...BLOCKED by Harry Shaffer.       Rebounded by Harry Shaffer.,Score,43,35,90,146
WISC,Amos Quinn 3-point attempt...Missed!       Rebounded by Roy Barnes.,Score,43,35,91,146
UKEN,William Sun 3-point attempt...Score!       Assisted by: Ian Mccall,Score,43,38,92,146
WISC,Cyrus Rice 3-point attempt...Missed!       Rebounded by William Sun.,Miss,43,38,93,146
UKEN,Armando Pope Inside shot...Score!,Score,43,40,94,146
WISC,Michael Stout 3-point attempt...Missed!       Rebounded by Gerald James.,Miss,43,40,95,146
UKEN,Roy Barnes 2-point jumper...Missed!       Rebounded by Edward Hussain.,Score,43,40,96,146
WISC,Michael Stout Inside shot...Score!       Assisted by: Daryl Scott,Score,45,40,97,146
UKEN,Jeramy Booth Inside shot...BLOCKED by John Searcy.       Rebounded by John Searcy.,Turnover,45,40,98,146
UKEN,William Sun steals the ball for WISC!,Turnover,45,40,99,146
UKEN,Nicholas Mitchell 3-point attempt...Score!       Assisted by: Gerald James,Score,45,43,100,146
UKEN,"Joshua Colfer Inside shot...Missed, but fouled on the play.",Fouled,45,43,101,146
UKEN,Free throw coming up... rattled out.,FreeThrow,45,43,101,146
UKEN,Free throw coming up... rattled out.       Rebounded by Joshua Colfer.,FreeThrow,45,43,101,146
UKEN,"Harry Shaffer Inside shot...Missed, but fouled on the play.",Fouled,45,43,102,146
UKEN,Free throw coming up... rattled out.,FreeThrow,45,43,102,146
WISC,Free throw coming up... good!,FreeThrow,46,43,102,146
UKEN,Armando Pope 3-point attempt...Score!       Assisted by: Jeramy Booth,Score,46,46,103,146
UKEN,William Sun steals the ball for WISC!,Turnover,46,46,104,146
WISC,"Amos Quinn 3-point attempt...Missed, but fouled on the play.",Fouled,46,46,105,146
WISC,"Amos Quinn 3-point attempt...Missed, but fouled on the play.",FreeThrow,46,46,105,146
WISC,"Amos Quinn 3-point attempt...Missed, but fouled on the play.",FreeThrow,46,46,105,146
UKEN,       Free throw coming up... good!,FreeThrow,46,47,105,146
WISC,Joshua Colfer Inside shot...Score!,Score,48,47,106,146
WISC,Andrew Jones lost the ball out of bounds.,Turnover,48,47,107,146
WISC,Michael Stout 3-point attempt...Missed!       Rebounded by Andrew Jones.,Miss,48,47,108,146
WISC,WISC: Offensive foul on Nicholas Mitchell.,Turnover,48,47,110,146
UKEN,Harry Shaffer lost the ball out of bounds.,Out of Bounds,48,47,111,146
WISC,WISC: Offensive foul on Ralph Long.,Turnover,48,47,112,146
WISC,Edward Hussain 3-point attempt...Missed!       Rebounded by Jeramy Booth.,Miss,48,47,113,146
WISC,Armando Pope 2-point jumper...Missed!       Rebounded by Amos Quinn.,Score,48,47,114,146
UKEN,William Sun Inside shot...Score!       Assisted by: Andrew Jones,Score,48,49,115,146
WISC,Edward Hussain Inside shot...BLOCKED by Amos Quinn.       Rebounded by Kevin Wells.,Turnover,48,49,116,146
WISC,WISC: Offensive foul on William Sun.,Turnover,48,49,117,146
WISC,Cyrus Rice 3-point attempt...Score!       Assisted by: Joshua Colfer,Score,51,49,118,146
WISC,WISC: Offensive foul on Gerald James.,Turnover,51,49,119,146
WISC,WISC: Offensive foul on Gerald James.,Score,51,49,120,146
UKEN,Amos Quinn 2-point jumper...Score!,Score,51,51,121,146
UKEN,Edward Hussain 2-point jumper...Missed!       Rebounded by Cyrus Rice.,Missed,51,51,122,146
UKEN,Michael Stout Inside shot...BLOCKED by Ian Mccall.       Rebounded by Michael Stout.,Turnover,51,51,123,146
WISC,Cyrus Rice 2-point jumper...Missed!       Rebounded by Roy Barnes.,Missed,51,51,124,146
UKEN,Jeramy Booth 2-point jumper...Missed!       Rebounded by Cyrus Rice.,Score,51,51,125,146
UKEN,Cyrus Rice Inside shot...BLOCKED by Armando Pope.       Rebounded by Daryl Scott.,Turnover,51,51,126,146
WISC,Cyrus Rice Inside shot...Score!,Score,53,51,127,146
WISC,Nicholas Mitchell Inside shot...BLOCKED by Joshua Colfer.       Rebounded by Craig Mitchell.,Turnover,53,51,128,146
WISC,Ralph Long lost the ball out of bounds.,Turnover,53,51,129,146
UKEN,"Harry Shaffer Inside shot...Missed, but fouled on the play.",Fouled,53,51,130,146
UKEN,Free throw coming up... rattled out.,FreeThrow,53,51,130,146
UKEN,Free throw coming up... rattled out.       Rebounded by Thomas Grimes.,FreeThrow,53,51,130,146
WISC,Harry Shaffer 2-point jumper...BLOCKED by Jeramy Booth.       Rebounded by Craig Mitchell.,Turnover,53,51,131,146
WISC,"Kevin Wells 3-point attempt...Missed, but fouled on the play.",Fouled,53,51,132,146
WISC,       Free throw coming up... good!,FreeThrow,53,52,132,146
WISC,       Free throw coming up... good!,FreeThrow,53,53,132,146
UKEN,"Kevin Wells 3-point attempt...Missed, but fouled on the play.",FreeThrow,53,53,132,146
UKEN,Thomas Grimes 2-point jumper...Missed!       Rebounded by Daryl Scott.,Missed,53,53,133,146
WISC,Cyrus Rice Inside shot...Score!,Score,55,53,134,146
WISC,"Roy Barnes Inside shot...Missed, but fouled on the play.",Fouled,55,53,135,146
UKEN,Ian Mccall steals the ball for WISC!,Turnover,55,53,136,146
UKEN,Kevin Wells Inside shot...Score!,Score,55,55,137,146
WISC,Cyrus Rice 2-point jumper...Missed!       Rebounded by Roy Barnes.,Missed,55,55,138,146
UKEN,Jeramy Booth Inside shot...Score!       Assisted by: Ian Mccall,Score,55,57,139,146
UKEN,UKEN: Offensive foul on Daryl Scott.,Foul,55,57,140,146
WISC,"Roy Barnes Inside shot...Score! Fouled, and one!       Assisted by: Ian Mccall",Score,55,59,141,146
UKEN,Free throw coming up... good!,FreeThrow,55,60,141,146
WISC,Cyrus Rice 2-point jumper...Missed!       Rebounded by Nicholas Mitchell.,Missed,55,60,142,146
WISC,WISC: Offensive foul on Amos Quinn.,Turnover,55,60,143,146
WISC,WISC: Offensive foul on Amos Quinn.,Score,55,60,144,146
UKEN,Ian Mccall Inside shot...Score!       Assisted by: Armando Pope,Score,55,62,145,146
UKEN,Harry Shaffer lost the ball out of bounds.,Out of Bounds,55,62,146,146
,Match Complete,FinalScore,55,62,146,146
