Team,Result,PlayType,TeamOneScore,TeamTwoScore,Possession,Total Possessions
TCU,TCU wins the tipoff!,Tipoff,0,0,0,147
TCU,Paul Cottrell Inside shot...BLOCKED by Jose Valle.       Rebounded by Ba Daniel.,Turnover,0,0,1,147
TCU,"Man Lee Inside shot...Score! Fouled, and one!       Assisted by: Edward Furr",Score,2,0,2,147
TCU,Free throw coming up... rattled out.       Rebounded by Edward Furr.,FreeThrow,2,0,2,147
SMU,Paul Cottrell 3-point attempt...Score!       Assisted by: James Melton,Score,5,0,3,147
TCU,Elton Peak Inside shot...BLOCKED by Man Lee.       Rebounded by Lawrence Munoz.,Turnover,5,0,4,147
SMU,Edward Furr Inside shot...Score!,Score,7,0,5,147
TCU,Jose Valle Inside shot...Score!,Score,7,2,6,147
SMU,Paul Cottrell Inside shot...BLOCKED by Dustin Cook.       Rebounded by Anthony Nixon.,Turnover,7,2,7,147
TCU,Patrick Brooks Inside shot...Score!       Assisted by: Anthony Nixon,Score,7,4,8,147
SMU,Edward Furr Inside shot...BLOCKED by Anthony Nixon.       Rebounded by Owen Hawkins.,Turnover,7,4,9,147
TCU,Jose Valle Inside shot...Score!       Assisted by: Dustin Cook,Score,7,6,10,147
TCU,Anthony Nixon steals the ball for SMU!,Turnover,7,6,11,147
TCU,Allen Delgado 2-point jumper...Missed!       Rebounded by Man Lee.,Score,7,6,12,147
TCU,"Edward Furr Inside shot...Missed, but fouled on the play.",Fouled,7,6,13,147
TCU,Free throw coming up... good!,FreeThrow,8,6,13,147
TCU,Free throw coming up... rattled out.       Rebounded by Man Lee.,FreeThrow,8,6,13,147
SMU,Free throw coming up... good!,Score,8,6,14,147
TCU,Anthony Nixon 3-point attempt...Missed!Rebounded by Man Lee.,Score,8,6,15,147
SMU,James Melton 3-point attempt...Missed!       Rebounded by Jose Valle.,Miss,8,6,16,147
SMU,Dustin Cook Inside shot...Missed!       Rebounded by Anthony Nixon.,Score,8,6,17,147
TCU,Edward Furr steals the ball for TCU!,Turnover,8,6,18,147
SMU,Edward Furr 3-point attempt...Missed!       Rebounded by Peter Lewis.,Miss,8,6,19,147
TCU,Patrick Brooks 3-point attempt...Score!       Assisted by: Elton Peak,Score,8,9,20,147
TCU,"James Melton Inside shot...Score! Fouled, and one!",Score,10,9,21,147
SMU,Free throw coming up... rattled out.       Rebounded by Anthony Nixon.,FreeThrow,10,9,21,147
SMU,Dustin Cook lost the ball out of bounds.,Turnover,10,9,22,147
SMU,Rob Oconnor Inside shot...Score!,Score,12,9,23,147
TCU,Anthony Nixon Inside shot...Score!       Assisted by: Allen Delgado,Score,12,11,25,147
SMU,James Melton Inside shot...Score!,Score,14,11,26,147
TCU,Anthony Nixon Inside shot...BLOCKED by Man Lee.       Rebounded by Man Lee.,Turnover,14,11,27,147
TCU,"Paul Cottrell Inside shot...Missed, but fouled on the play.",Fouled,14,11,28,147
TCU,Free throw coming up... good!,FreeThrow,15,11,28,147
SMU,Free throw coming up... rattled out.       Rebounded by Owen Hawkins.,FreeThrow,15,11,28,147
SMU,Elton Peak 2-point jumper...Missed!       Rebounded by Elton Peak.,Score,15,11,29,147
TCU,Allen Delgado Inside shot...Score!,Score,15,13,30,147
SMU,Edward Furr Inside shot...BLOCKED by Elton Peak.       Rebounded by Owen Hawkins.,Turnover,15,13,31,147
TCU,Anthony Nixon Inside shot...Score!,Score,15,15,32,147
SMU,Rob Oconnor 2-point jumper...Missed!       Rebounded by Jose Valle.,Missed,15,15,33,147
TCU,Jose Valle Inside shot...Score!       Assisted by: Dustin Cook,Score,15,17,34,147
SMU,Edward Furr Inside shot...Score!,Score,17,17,35,147
TCU,Allen Delgado Inside shot...Score!,Score,17,19,36,147
TCU,Rob Oconnor 2-point jumper...Missed!       Rebounded by Sean Anderson.,Missed,17,19,37,147
SMU,James Melton 2-point jumper...Missed!       Rebounded by Anthony Nixon.,Missed,17,19,38,147
TCU,Elton Peak 3-point attempt...Score!,Score,17,22,39,147
SMU,Man Lee 3-point attempt...Missed!       Rebounded by Owen Hawkins.,Miss,17,22,40,147
SMU,Jose Valle 2-point jumper...Missed!       Rebounded by Allen Delgado.,Score,17,22,41,147
TCU,Patrick Brooks 2-point jumper...Score!,Score,17,24,42,147
TCU,James Melton Inside shot...BLOCKED by Elton Peak.       Rebounded by Edward Furr.,Turnover,17,24,43,147
SMU,Paul Cottrell 2-point jumper...Score!,Score,19,24,44,147
TCU,Jose Valle 3-point attempt...Score!       Assisted by: Jose Valle,Score,19,27,45,147
SMU,Man Lee Inside shot...Score!,Score,21,27,46,147
TCU,Dustin Cook Inside shot...Score!       Assisted by: Patrick Brooks,Score,21,29,47,147
TCU,"Ba Daniel Inside shot...Missed, but fouled on the play.",Fouled,21,29,48,147
TCU,Free throw coming up... rattled out.,FreeThrow,21,29,48,147
TCU,Free throw coming up... rattled out.       Rebounded by Man Lee.,FreeThrow,21,29,48,147
SMU,James Melton Inside shot...Score!,Score,23,29,49,147
TCU,Patrick Brooks Inside shot...Score!       Assisted by: Allen Delgado,Score,23,31,50,147
TCU,James Melton 2-point jumper...Missed!       Rebounded by Ba Daniel.,Missed,23,31,51,147
SMU,Lawrence Munoz 3-point attempt...Missed!       Rebounded by Allen Delgado.,Miss,23,31,52,147
TCU,Jose Valle 2-point jumper...Missed!       Rebounded by Man Lee.,Score,23,31,53,147
SMU,Sean Anderson 2-point jumper...Score!,Score,25,31,54,147
SMU,"Patrick Brooks Inside shot...Score! Fouled, and one!       Assisted by: Dustin Cook",Score,25,33,55,147
TCU,"Patrick Brooks Inside shot...Score! Fouled, and one!       Assisted by: Dustin Cook",FreeThrow,25,33,55,147
TCU,"Sean Anderson Inside shot...Missed, but fouled on the play.",Fouled,25,33,56,147
TCU,Free throw coming up... rattled out.,FreeThrow,25,33,56,147
SMU,Free throw coming up... rattled out.       Rebounded by Elton Peak.,FreeThrow,25,33,56,147
TCU,Anthony Nixon 2-point jumper...Score!,Score,25,35,57,147
SMU,James Melton Inside shot...Score!,Score,27,35,58,147
TCU,Anthony Nixon Inside shot...Score!       Assisted by: Dustin Cook,Score,27,37,59,147
SMU,Sean Anderson 3-point attempt...Missed!       Rebounded by Owen Hawkins.,Miss,27,37,60,147
TCU,Jose Valle 2-point jumper...Missed!       Rebounded by Edward Furr.,Score,27,37,61,147
TCU,Jose Valle steals the ball for SMU!,Turnover,27,37,62,147
TCU,Man Lee steals the ball for TCU!,Turnover,27,37,63,147
SMU,Edward Furr Inside shot...Score!,Score,29,37,64,147
TCU,Owen Hawkins Inside shot...Score!,Score,29,39,65,147
TCU,Rob Oconnor lost the ball out of bounds.,Out of Bounds,29,39,66,147
SMU,Peter Lewis Inside shot...Missed!       Rebounded by Jose Valle.,Score,29,39,67,147
SMU,SMU: Offensive foul on Elton Peak.,Turnover,29,39,68,147
SMU,Sean Anderson 3-point attempt...Missed!       Rebounded by Jose Valle.,Miss,29,39,69,147
SMU,Allen Delgado 3-point attempt...Missed!       Rebounded by Peter Lewis.,Score,29,39,70,147
TCU,Elton Peak 3-point attempt...Missed!Rebounded by Man Lee.,Score,29,39,71,147
SMU,Lawrence Munoz 3-point attempt...Missed!       Rebounded by Jose Valle.,Miss,29,39,72,147
TCU,Anthony Nixon 2-point jumper...Missed!       Rebounded by James Melton.,Score,29,39,73,147
,"=====HALFTIME!=====
Halftime Score:
SMU: 39
TCU: 29
",HALFTIME,29,39,73,147
TCU,Sean Anderson lost the ball out of bounds.,Out of Bounds,29,39,74,147
SMU,SMU: Offensive foul on Patrick Brooks.,Turnover,29,39,75,147
SMU,Ba Daniel Inside shot...Score!       Assisted by: Paul Cottrell,Score,31,39,76,147
TCU,Man Lee steals the ball for TCU!,Turnover,31,39,77,147
SMU,Lawrence Munoz 2-point jumper...Missed!       Rebounded by Elton Peak.,Missed,31,39,78,147
TCU,Dustin Cook 2-point jumper...Missed!       Rebounded by Ba Daniel.,Score,31,39,80,147
TCU,Lawrence Munoz lost the ball out of bounds.,Out of Bounds,31,39,81,147
TCU,Edward Furr steals the ball for TCU!,Turnover,31,39,82,147
SMU,Rob Oconnor 2-point jumper...Score!       Assisted by: Man Lee,Score,33,39,83,147
TCU,Jose Valle 3-point attempt...Score!       Assisted by: Dustin Cook,Score,33,42,84,147
TCU,"Man Lee Inside shot...Score! Fouled, and one!",Score,35,42,85,147
SMU,Free throw coming up... rattled out.       Rebounded by Anthony Nixon.,FreeThrow,35,42,85,147
TCU,Elton Peak Inside shot...Score!       Assisted by: Patrick Brooks,Score,35,44,86,147
SMU,Paul Cottrell 3-point attempt...Score!       Assisted by: Lawrence Munoz,Score,38,44,87,147
TCU,Elton Peak 2-point jumper...Missed!       Rebounded by Ba Daniel.,Score,38,44,88,147
SMU,Man Lee Inside shot...Score!,Score,40,44,89,147
TCU,Sean Anderson steals the ball for TCU!,Turnover,40,44,90,147
SMU,Paul Cottrell Inside shot...Score!,Score,42,44,91,147
TCU,Man Lee steals the ball for TCU!,Turnover,42,44,92,147
SMU,Sean Anderson 3-point attempt...Missed!       Rebounded by Elton Peak.,Miss,42,44,93,147
TCU,Man Lee steals the ball for TCU!,Turnover,42,44,94,147
SMU,Ba Daniel Inside shot...Score!       Assisted by: James Melton,Score,44,44,95,147
TCU,Man Lee steals the ball for TCU!,Turnover,44,44,96,147
TCU,"Paul Cottrell Inside shot...Missed, but fouled on the play.",Fouled,44,44,97,147
TCU,Free throw coming up... good!,FreeThrow,45,44,97,147
SMU,Free throw coming up... good!,FreeThrow,46,44,97,147
SMU,Dustin Cook lost the ball out of bounds.,Turnover,46,44,98,147
SMU,Edward Furr 2-point jumper...Score!       Assisted by: Rob Oconnor,Score,48,44,99,147
SMU,"Patrick Brooks Inside shot...Score! Fouled, and one!",Score,48,46,100,147
TCU,Free throw coming up... good!,FreeThrow,48,47,100,147
SMU,Man Lee Inside shot...Score!,Score,50,47,101,147
TCU,Jose Valle Inside shot...Missed!       Rebounded by Edward Furr.,Score,50,47,102,147
SMU,Man Lee Inside shot...Score!,Score,52,47,103,147
TCU,Patrick Brooks Inside shot...Score!,Score,52,49,104,147
SMU,Man Lee Inside shot...Score!       Assisted by: Sean Anderson,Score,54,49,105,147
TCU,Allen Delgado 2-point jumper...Score!,Score,54,51,106,147
SMU,Man Lee Inside shot...Score!,Score,56,51,107,147
SMU,Patrick Brooks 2-point jumper...Missed!       Rebounded by Jose Valle.,Score,56,51,108,147
TCU,Rob Oconnor steals the ball for TCU!,Turnover,56,51,109,147
TCU,Rob Oconnor steals the ball for TCU!,Score,56,51,110,147
SMU,James Melton 3-point attempt...Score!       Assisted by: Ba Daniel,Score,59,51,111,147
TCU,Patrick Brooks Inside shot...BLOCKED by Ba Daniel.       Rebounded by James Melton.,Turnover,59,51,112,147
TCU,"Rob Oconnor Inside shot...Missed, but fouled on the play.",Fouled,59,51,113,147
TCU,Free throw coming up... rattled out.,FreeThrow,59,51,113,147
TCU,Free throw coming up... rattled out.       Rebounded by James Melton.,FreeThrow,59,51,113,147
TCU,"Man Lee 2-point jumper...Missed, but fouled on the play.",Turnover,59,51,114,147
TCU,"Man Lee 2-point jumper...Missed, but fouled on the play.",FreeThrow,60,51,114,147
SMU,       Free throw coming up... rattled out.       Rebounded by Anthony Nixon.,Turnover,60,51,114,147
TCU,Allen Delgado Inside shot...Missed!       Rebounded by James Melton.,Score,60,51,115,147
TCU,Paul Cottrell 3-point attempt...Missed!       Rebounded by Edward Furr.,Miss,60,51,116,147
SMU,James Melton Inside shot...Score!,Score,62,51,117,147
TCU,Dustin Cook 2-point jumper...Score!       Assisted by: Owen Hawkins,Score,62,53,118,147
SMU,Ba Daniel Inside shot...Score!       Assisted by: Rob Oconnor,Score,64,53,119,147
TCU,Elton Peak 2-point jumper...Missed!       Rebounded by Ba Daniel.,Score,64,53,120,147
SMU,Lawrence Munoz Inside shot...Score!       Assisted by: Sean Anderson,Score,66,53,121,147
SMU,"Patrick Brooks Inside shot...Score! Fouled, and one!",Score,66,55,122,147
SMU,"Patrick Brooks Inside shot...Score! Fouled, and one!",FreeThrow,66,55,122,147
TCU,Edward Furr steals the ball for TCU!,Turnover,66,55,123,147
SMU,Rob Oconnor Inside shot...Score!       Assisted by: Edward Furr,Score,68,55,124,147
TCU,Jose Valle 2-point jumper...Score!,Score,68,57,125,147
SMU,James Melton 2-point jumper...Missed!       Rebounded by Jose Valle.,Missed,68,57,126,147
SMU,"Owen Hawkins Inside shot...Score! Fouled, and one!",Score,68,59,127,147
TCU,Free throw coming up... good!,FreeThrow,68,60,127,147
TCU,Lawrence Munoz 3-point attempt...Missed!       Rebounded by Rob Oconnor.,Miss,68,60,128,147
SMU,Man Lee Inside shot...Score!,Score,70,60,129,147
TCU,Jose Valle Inside shot...Missed!       Rebounded by James Melton.,Score,70,60,130,147
TCU,Jose Valle steals the ball for SMU!,Turnover,70,60,131,147
TCU,Patrick Brooks Inside shot...Score!       Assisted by: Anthony Nixon,Score,70,62,132,147
SMU,Paul Cottrell 3-point attempt...Missed!       Rebounded by Allen Delgado.,Miss,70,62,133,147
TCU,Allen Delgado Inside shot...BLOCKED by Man Lee.       Rebounded by Ba Daniel.,Turnover,70,62,134,147
SMU,James Melton Inside shot...Score!       Assisted by: Sean Anderson,Score,72,62,135,147
SMU,Peter Lewis 2-point jumper...Missed!       Rebounded by Allen Delgado.,Score,72,62,136,147
SMU,Jose Valle lost the ball out of bounds.,Turnover,72,62,137,147
SMU,Edward Furr 2-point jumper...Missed!       Rebounded by Owen Hawkins.,Missed,72,62,138,147
TCU,Peter Lewis Inside shot...Score!       Assisted by: Anthony Nixon,Score,72,64,139,147
TCU,"Lawrence Munoz Inside shot...Missed, but fouled on the play.",Fouled,72,64,140,147
TCU,Free throw coming up... good!,FreeThrow,73,64,140,147
SMU,Free throw coming up... rattled out.       Rebounded by Allen Delgado.,FreeThrow,73,64,140,147
TCU,Anthony Nixon 2-point jumper...Missed!       Rebounded by James Melton.,Score,73,64,141,147
SMU,James Melton 2-point jumper...Score!,Score,75,64,142,147
SMU,Anthony Nixon lost the ball out of bounds.,Turnover,75,64,143,147
TCU,Elton Peak steals the ball for SMU!,Turnover,75,64,144,147
TCU,Dustin Cook 2-point jumper...Score!       Assisted by: Allen Delgado,Score,75,66,145,147
SMU,Sean Anderson 3-point attempt...Missed!       Rebounded by Jose Valle.,Miss,75,66,146,147
TCU,Elton Peak Inside shot...Score!       Assisted by: Elton Peak,Score,75,68,147,147
,Match Complete,FinalScore,75,68,147,147
